sku,Title,Brand Name,Asin,Category,Upc Ean Code,List Price,Selling Price,Quantity,Model Number,Description,Product Specification,Technical Details,Shipping Weight,Product Dimensions,Image,Variants
4af0833f20a8421788fc04577b0ef1c5,Schylling Veterinarian Kit,,,Toys & Games | Novelty & Gag Toys | Money Banks,,,$9.39,,VKIT,"Make sure this fits by entering your model number. | For the animal lover in the family, a complete veterinarian kit; perfect for the aspiring vet | Contains everything you need, 8 specialist veterinarian tools, Clipboard, and 2 special x-ray cards that you can see through when held up to the light | A great STEM/ steam toy, learn about animals and their health needs, Features dogs, cats, rabbits, horses and a pot-bellied pig | Comes in a portable “doctors” bag that holds everything in special trays; secures with a clasp and has a fold down handle | An excellent gift for boys and girls ages 3+",ProductDimensions:10x7x3inches|ItemWeight:15.2ounces|ShippingWeight:15.2ounces(Viewshippingratesandpolicies)|ASIN:B079C6NV2Y|Itemmodelnumber:VKIT|Manufacturerrecommendedage:36months-5years,"Go to your orders and start the return Select the ship method Ship it! | Go to your orders and start the return Select the ship method Ship it! | For almost 50 years, Schylling toys has been delighting generations of children with toys that inspire, enthrall and engage. As the world leader in traditional toys and classic fun, we believe that fun never goes out of style. We develop new products with a timeless appeal, perhaps from a bygone era With a nostalgic feel, that will bring joy, delight and excitement to children. We firmly believe that the best toys take you on an adventure, teach you new things, bring people together and create life long memories. We strive to make special toys; toys that are cherished, toys that are beautiful, toys that create a special place in children's lives. They need not be complicated or trendy, battery powered or electronic. They just need to engage a child and spark imagination, curiosity and even a sense of wonder. Schylling toys will never waver from its goal of developing exceptional toys that bring a smile, toys that are destined to become playroom heirlooms. | 15.2 ounces (View shipping rates and policies)",15.2 ounces,,https://images-na.ssl-images-amazon.com/images/I/51wOrcShPHL.jpg|https://images-na.ssl-images-amazon.com/images/I/41KtrpEc-OL.jpg|https://images-na.ssl-images-amazon.com/images/I/416oOTjDxjL.jpg|https://images-na.ssl-images-amazon.com/images/G/01/x-locale/common/transparent-pixel.jpg,
fd71391871b94ead84733bc272dd5886,Yellies! Frizz; Voice-Activated Spider Pet; Ages 5 & Up,,,Toys & Games | Baby & Toddler Toys | Musical Toys,,,$17.85,,E5785AS00,"Make sure this fits by entering your model number. | Sound-activated movement–yell, talk, sing, clap, or play music. | The louder you yell, the faster they go! | Each cuddly yellies! Spider has a unique personality. Find your favorite! | Watch yellies! Pets’ eyes light up and legs move as they respond to your voice. | Includes 1 bellies! Ages 5 and up.",ProductDimensions:2.6x4.2x9inches|ItemWeight:0.48ounces|ShippingWeight:4.2ounces(Viewshippingratesandpolicies)|ASIN:B07FQ4JBXG|Itemmodelnumber:E5785AS00|Manufacturerrecommendedage:5yearsandup|Batteries:3LR44batteriesrequired.(included),"Go to your orders and start the return Select the ship method Ship it! | Go to your orders and start the return Select the ship method Ship it! | Yellies! Are the cutest, fuzziest pets that respond to your voice! Each yellies! Pet has its own unique look and personality and is full of fun surprises! Voice and sound-activated, they respond to talking, yelling, clapping, singing, or even music. The louder you yell, the faster they go! Find your favorite! (Each sold separately. Subject to availability. Actual Deco will vary.) parents, discover MORE at yellies.Com. yellies! And all related characters are trademarks of Hasbro. | 4.2 ounces (View shipping rates and policies)",4.2 ounces,,https://images-na.ssl-images-amazon.com/images/I/41YYqvdWT5L.jpg|https://images-na.ssl-images-amazon.com/images/I/41DPgMd86%2BL.jpg|https://images-na.ssl-images-amazon.com/images/I/51r576EiIoL.jpg|https://images-na.ssl-images-amazon.com/images/I/51gCz94AkML.jpg|https://images-na.ssl-images-amazon.com/images/I/51yYcBhA-CL.jpg|https://images-na.ssl-images-amazon.com/images/I/51QQm1rXLKL.jpg|https://images-na.ssl-images-amazon.com/images/G/01/x-locale/common/transparent-pixel.jpg,
a84f14dd0114d78f178b16f093cab0e0,Disney HK318329 Sofia The First Sleepover Set,,,Toys & Games | Sports & Outdoor Play | Slumber Bags,,,$27.50,,HK318329,"Make sure this fits by entering your model number. | 100% Polyester | Features colorful and unique Sofia the First designs | Perfect for traveling and sleepovers | Set includes eye mask, slumber sack, and carry purse | 100% Polyester | Slumber Sack Dimensions: 27"" x 57""",ProductDimensions:13x7x10inches|ItemWeight:2pounds|ShippingWeight:2pounds(Viewshippingratesandpolicies)|DomesticShipping:ItemcanbeshippedwithinU.S.|InternationalShipping:ThisitemcanbeshippedtoselectcountriesoutsideoftheU.S.LearnMore|ASIN:B00GJAT9JI|Itemmodelnumber:HK318329|Manufacturerrecommendedage:36months-10years,"show up to 2 reviews by default Be the princess of the party with this colorful Sofia the First Sleepover Purse Set. This sleepover purse set includes all the necessities for the perfect sleepover - slumber sack, eye mask and carry bag - all featuring colorful graphics of your favorite little ponies. Every little girl will want one for the next party or sleepover. Slumber sack is polyester and measures 27 Inch by 57 Inch. Sleepover Purse Set is spot clean only. The purse itself containing all items measures: 13"" L x 7"" W x 10"" H. | 2 pounds (View shipping rates and policies)",2 pounds,,https://images-na.ssl-images-amazon.com/images/I/51oF4e0NvcL.jpg|https://images-na.ssl-images-amazon.com/images/I/41RYGh-7NOL.jpg|https://images-na.ssl-images-amazon.com/images/G/01/x-locale/common/transparent-pixel.jpg,
f5b9392a03cfae8817307a36411c8b17,Team Associated 9665 Hinge Pin Brace with Hinge Pins B4/T4,,,Toys & Games | Hobbies | Hobby Building Tools & Hardware | RC Linkages,,,$10.99,,ASC9665,Anodized blue | Perfect for the racing enthusiast | Aluminum Construction,ProductDimensions:5.8x0.2x3.4inches|ItemWeight:0.48ounces|ShippingWeight:1.6ounces(Viewshippingratesandpolicies)|DomesticShipping:ItemcanbeshippedwithinU.S.|InternationalShipping:Thisitemisnoteligibleforinternationalshipping.LearnMore|ASIN:B000BOB45U|Itemmodelnumber:ASC9665|Manufacturerrecommendedage:15yearsandup,1.6 ounces (View shipping rates and policies) | show up to 2 reviews by default From the Manufacturer This is Associated's optional hinge pin brace for use on the Associated B4/T4.,1.6 ounces,,https://images-na.ssl-images-amazon.com/images/I/41bHRYbeLgL.jpg|https://images-na.ssl-images-amazon.com/images/G/01/x-locale/common/transparent-pixel.jpg,
89a993dbc079cc3fbe9088c8170b6f99,"PLUS PLUS - Construction Building Toy, Open Play Set - 3,600 Pieces with Storage Tub - Basic Color Mix",,,Toys & Games | Building Toys | Building Sets,,,$159.99,,3373,"Make sure this fits by entering your model number. | SIMPLE DESIGN - FUELS CREATIVITY: One shape, endless possibilities! Every brick easily connects to the next. Create colorful flat mosaics or work in 3-D to make more intricate builds. Mix and match any Plus-Plus set to bring more ideas to life! | EDUCATIONAL FUN: Plus-Plus empowers children with free explorative play as they encourage fine motor skills, logic, creativity and imagination all without the use of screens. A great STEM toy. | PERFECT FOR ON-THE-GO: Design and build your creations any way you want, wherever you want! Great for every adventure – car rides, restaurants, a friend’s house, or in your own living room. Stay entertained for hours! | Playset includes 3,600 pieces inside a reuseable storage tub and an Idea Guide Booklet for building.",ProductDimensions:15.7x11.8x5.1inches|ItemWeight:5.25pounds|ShippingWeight:5.3pounds(Viewshippingratesandpolicies)|ASIN:B00JZO7CNA|Itemmodelnumber:03373|Manufacturerrecommendedage:36months-12years,"Go to your orders and start the return Select the ship method Ship it! | Go to your orders and start the return Select the ship method Ship it! | Plus-Plus is a whole new class of construction toy! One simple shape contains endless possibilities and hours of fun. Each piece easily connects to the next and lets your imagination create colorful flat mosaics or work in 3-D to make more intricate builds. Even curves are possible thanks to the unique design of this deceptively simple shape! A perfect STEM toy to develop fine motor skills, focus and patience - as well as design, imagination and creativity! All Plus-Plus sets are compatible with each other and this open play set adds more pieces and colors to the collection for more possibilities and fun. This 3,600 piece set contains Basic Colors, including Red, Blue, Green, Yellow, Orange, Purple and more. Also includes a reuseable storage tub an Idea Guide Booklet for building. BPA-free and phthalate-free. Designed and made in Denmark. | 5.3 pounds (View shipping rates and policies)",5.3 pounds,,https://images-na.ssl-images-amazon.com/images/I/51qmz2JiIHL.jpg|https://images-na.ssl-images-amazon.com/images/I/41ZItvbSFML.jpg|https://images-na.ssl-images-amazon.com/images/I/41%2BAGovcVHL.jpg|https://images-na.ssl-images-amazon.com/images/I/519pSZe%2BFgL.jpg|https://images-na.ssl-images-amazon.com/images/I/41jEl9-7SdL.jpg|https://images-na.ssl-images-amazon.com/images/I/41hQAb5heyL.jpg|https://images-na.ssl-images-amazon.com/images/I/41DPx6b6fRL.jpg|https://images-na.ssl-images-amazon.com/images/G/01/x-locale/common/transparent-pixel.jpg,
84fb43b933850dc05e57a162c5ba1702,"Big Party Pack Orange Peel Plastic Plates | 10.25"" | Pack of 50 | Party Supply",,,Toys & Games | Party Supplies | Party Tableware | Plates,,,$12.63,,,"Make sure this fits by entering your model number. | Big party pack lunch/dinner plates 10. 5"" 50/pkg sturdier than most standard plastic plates bright and vibrant color 10. 5 inch plates made in the USA",,Go to your orders and start the return Select the ship method Ship it! | Go to your orders and start the return Select the ship method Ship it!,,,https://images-na.ssl-images-amazon.com/images/I/41BRiHD0dYL.jpg|https://images-na.ssl-images-amazon.com/images/G/01/x-locale/common/transparent-pixel.jpg,
af983053a35fa2a843092369ff3b400b,Peppa Pig Shape Sorter Clock Puzzle (12Piece),,,Toys & Games | Baby & Toddler Toys | Teaching Clocks,,,$11.88,,68008,"Make sure this fits by entering your model number. | The removable, brightly colored wooden shapes with numbers printed beneath the shapes allow for greater interaction and ease of matching | With this shape sorter clock, learning to tell time is made fun and simple! | 12 die-cut wooden shapes, clock face labeled with hours and minutes, wooden clock stand and bright fun colors with smooth edges",ProductDimensions:0.9x8.5x8.5inches|ItemWeight:9.1ounces|ShippingWeight:11.2ounces(Viewshippingratesandpolicies)|DomesticShipping:ItemcanbeshippedwithinU.S.|InternationalShipping:ThisitemcanbeshippedtoselectcountriesoutsideoftheU.S.LearnMore|ASIN:B015EOHBKI|Itemmodelnumber:68008|Manufacturerrecommendedage:36months-4years,show up to 2 reviews by default Peppa Pig Shape Sorter Clock Puzzle (12Piece) | 11.2 ounces (View shipping rates and policies),11.2 ounces,,https://images-na.ssl-images-amazon.com/images/I/519BaFjimBL.jpg|https://images-na.ssl-images-amazon.com/images/I/51vOIUMj0ML.jpg|https://images-na.ssl-images-amazon.com/images/I/51QRaxeSHcL.jpg|https://images-na.ssl-images-amazon.com/images/G/01/x-locale/common/transparent-pixel.jpg,
6d38858169064c8b7069a19c90dd0ae4,Huffy Kids Bikes 16 & 20 inch with Streamers and BMX Pegs,,,"Toys & Games | Tricycles, Scooters & Wagons | Balance Bikes",,,$74.99 - $249.99,,,,Shipping Information: View shipping rates and policies|ASIN: B07QFG72PC|    #30    in Kids' Bicycles    |    #34    in Kids' Balance Bikes,,,,https://images-na.ssl-images-amazon.com/images/I/41bejMzMMgL.jpg|https://images-na.ssl-images-amazon.com/images/I/51Q4WjgBiuL.jpg|https://images-na.ssl-images-amazon.com/images/I/51mF8EfCcdL.jpg|https://images-na.ssl-images-amazon.com/images/I/31sgrPSX7yL.jpg|https://images-na.ssl-images-amazon.com/images/I/51dodtvTrjL.jpg|https://images-na.ssl-images-amazon.com/images/I/41lLlFdRmwL.jpg|https://images-na.ssl-images-amazon.com/images/G/01/x-locale/common/transparent-pixel.jpg,https://www.amazon.com/Huffy-Boys-Thunder-16-Inch-Wheels/dp/|https://www.amazon.com/Huffy-Boys-Thunder-16-Inch-Wheels/dp/|https://www.amazon.com/Huffy-Boys-Thunder-16-Inch-Wheels/dp/B001JEPXUS|https://www.amazon.com/Huffy-Boys-Thunder-16-Inch-Wheels/dp/|https://www.amazon.com/Huffy-Boys-Thunder-16-Inch-Wheels/dp/|https://www.amazon.com/Huffy-Boys-Thunder-16-Inch-Wheels/dp/|https://www.amazon.com/Huffy-Boys-Thunder-16-Inch-Wheels/dp/|https://www.amazon.com/Huffy-Boys-Thunder-16-Inch-Wheels/dp/|https://www.amazon.com/Huffy-Boys-Thunder-16-Inch-Wheels/dp/|https://www.amazon.com/Huffy-Boys-Thunder-16-Inch-Wheels/dp/|https://www.amazon.com/Huffy-Boys-Thunder-16-Inch-Wheels/dp/|https://www.amazon.com/Huffy-Boys-Thunder-16-Inch-Wheels/dp/|https://www.amazon.com/Huffy-Boys-Thunder-16-Inch-Wheels/dp/|https://www.amazon.com/Huffy-Boys-Thunder-16-Inch-Wheels/dp/B001JEPXUS
326ebcfaa8d5204b634b5648e88e2fe4,NKOK Sonic and Sega All Stars Racing Remote Controlled Car - Sonic The Hedgehog,,,Toys & Games | Kids' Electronics,,,$26.99,,RC-611,Make sure this fits by entering your model number. | Requires 6AA batteries (not included) | This product was awarded the Fun Stuff award by Parents' Choice Foundation | For Ages 6 and Up | Official sonic product | Full function radio control | Requires 6 AA batteries (not included) | Limited availability | New and sealed inside retail packaging,ProductDimensions:7x4x3inches|ItemWeight:2.2pounds|ShippingWeight:1.23pounds(Viewshippingratesandpolicies)|DomesticShipping:ItemcanbeshippedwithinU.S.|InternationalShipping:ThisitemcanbeshippedtoselectcountriesoutsideoftheU.S.LearnMore|ASIN:B003SUW37W|Itemmodelnumber:RC-611|Manufacturerrecommendedage:6-13years|Batteries:6AAbatteriesrequired.,"Product Description Sonic is a video game legend and features some of the most recognizable characters in gaming history! Sonic is the world’s fastest Hedgehog. Capable of running at the speed of sound (768mph)! “Super Sonic” transformation is indestructible! He drives the Speed Star built by Tails! From the Manufacturer Sonic is the world's fastest hedgehog, capable of running at the speed of sound (768 mph). His other abilities include a ""Spin Attack"", a ""Spin Dash"" and his ""Super Sonic"" transformation which makes him indestructible and gives him the gift of run flight. Sonic is not an expert swimmer, but is fearless even of Dr. Eggman. Alongside his best friend tails, Sonic runs around the world stopping Dr. Eggman's schemes. He drives the speed star a car built by his friend tails it helps to make a fair race as no one can beat sonic on foot. | 1.23 pounds (View shipping rates and policies)",1.23 pounds,,https://images-na.ssl-images-amazon.com/images/I/51M1sShThFL.jpg|https://images-na.ssl-images-amazon.com/images/I/410BRNy1DyL.jpg|https://images-na.ssl-images-amazon.com/images/I/41qE7aAEXPL.jpg|https://images-na.ssl-images-amazon.com/images/I/31dPZVJqwRL.jpg|https://images-na.ssl-images-amazon.com/images/G/01/x-locale/common/transparent-pixel.jpg,
a11d9462309527143094a0f68bce0a58,Industro Stainless Steel Hose Clamps,,,Home & Kitchen | Home Décor | Kids' Room Décor,,,$34.27,,193,"Make sure this fits by entering your model number. | Rectangular perforations help to hold strong and connect easily. Color: Silver. | Tub makes for easy storage. Product Dimension: 2""D x 0. 6""H x 2""W | Size: 1-3/4"", Size range: 3/4"" to 1-3/4"", Finish: Stainless Steel. | AISI 300 series stainless steel material. | Corrosion resistant. : 1 year.",ProductDimensions:2x0.6x2inches|ItemWeight:1.37pounds|ShippingWeight:1.37pounds(Viewshippingratesandpolicies)|Manufacturer:IndustroIntl|ASIN:B07M9BPMTK|Itemmodelnumber:193,"Go to your orders and start the return Select the ship method Ship it! | Go to your orders and start the return Select the ship method Ship it! | show up to 2 reviews by default 300 AIS high quality 1-3/4"" Stainless-Steel Clamp. The clamp fits 3/4"" to 1-3/4"" Dia hoses and is constructed from durable stainless-steel. The bands have punched rectangular perforations that help hold strong and connect easily. Maximum hose size compatibility: 1. 75"", Minimum hose size compatibility: 0. 75"", Maintenance, Repair & Supplies Product Type: Repair Clamps. Repair Clamps Type: For Hoses. | 1.37 pounds (View shipping rates and policies)",1.37 pounds,,https://images-na.ssl-images-amazon.com/images/I/41y%2BKv5LLzL.jpg|https://images-na.ssl-images-amazon.com/images/I/319j8eJEtNL.jpg|https://images-na.ssl-images-amazon.com/images/G/01/x-locale/common/transparent-pixel.jpg,
fdd8daf07ddd4a23832f3da7d209252f,"Oopsy Daisy Birchwood Owl Growth Chart, Pink, 12"" x 42""",,,Baby Products | Nursery | Décor | Wall Décor | Growth Charts,,,$18.70,,NB19671,Art by Jen Christopher | Color-coordinated decorative covers are supplied that fit over the screw or nail to create a finished look | Grommets are placed in the corners to make hanging easy | Ideal gift for baby showers and first birthdays | Easy to store - just roll up each height chart as a treasured keepsake,,"Go to Your Orders to start the return Print the return shipping label Ship it! | Go to Your Orders to start the return Print the return shipping label Ship it! | This personalized growth chart is perfect for the gal who likes clean, crisp color palettes. It will remain a lovely accent as your decor changes and your little one grows. One day, your height chart can be a treasured keepsake full of fond memories.",13.6 ounces,,https://images-na.ssl-images-amazon.com/images/I/31B3hyqqWAL.jpg|https://images-na.ssl-images-amazon.com/images/I/41SjEJ1%2B-6L.jpg|https://images-na.ssl-images-amazon.com/images/I/51HESzXLyqL.jpg|https://images-na.ssl-images-amazon.com/images/I/41%2BTcyn0oKL.jpg|https://images-na.ssl-images-amazon.com/images/I/51r8Uk%2Bf1tL.jpg|https://images-na.ssl-images-amazon.com/images/I/511NoA3bRQL.jpg|https://images-na.ssl-images-amazon.com/images/I/3168ZmkMkZL.jpg|https://images-na.ssl-images-amazon.com/images/G/01/x-locale/common/transparent-pixel.jpg,
c15e7efbe14b9bbcb8b7fe31f9818021,Springbok Puzzles - Christmas Wishes - 400 Piece Jigsaw Puzzle - Large 26.75 Inches by 20.5 Inches Puzzle - Made in USA - Unique Cut Interlocking Pieces - Big Pieces for Kids & Small Pieces for Adults,,,Toys & Games | Puzzles | Jigsaw Puzzles,,,$14.95,,34-70549,"Make sure this fits by entering your model number. | 400 PIECE JIGSAW PUZZLE - Featuring a finished size of 26.75 inches by 20.5 inches with a precision cut that ensures a tight, interlocking heirloom-quality puzzle | MADE IN USA - Manufactured in Kansas City, Missouri; Springbok Puzzles have been American made since 1963 | ECO-FRIENDLY - Springbok Puzzles are manufactured with sustainably sourced organic, non-toxic soy-based inks & utilizes 100% recycled puzzle board materials | UNIQUE CUT PIECES - Each puzzle piece is unique and never repeated; Springbok Puzzle pieces are made from thick cut 75 point board, 18% thicker than the industry average | EASY NO HASSLE PUZZLE WARRANTY - All Springbok Puzzle products are covered with our satisfaction guarantee on materials and craftsmanship",ProductDimensions:20.5x0x26.8inches|ItemWeight:1.5pounds|ShippingWeight:1.61pounds(Viewshippingratesandpolicies)|DomesticShipping:ItemcanbeshippedwithinU.S.|InternationalShipping:ThisitemcanbeshippedtoselectcountriesoutsideoftheU.S.LearnMore|ASIN:B071GRMV63|Itemmodelnumber:34-70549|Manufacturerrecommendedage:36months-15years,"Size:400 Piece Puzzle Springbok Christmas Wishes 400 Piece Jigsaw Puzzle Snuggle up next to the fire with ""Christmas Wishes."" This 400 piece jigsaw puzzle is an adorable illustration of a puppy deep in dreamland waiting for Santa to bring him a gift. Springbok has been a leading name in the puzzle world since 1963. We have focused on the qualities that give Springbok its reputation: originality, innovation and superior quality. As one of the few puzzle manufacturers that makes puzzles exclusively in the U.S.A., we take pride in the superior quality of our puzzles. The quality of our dies and above average thickness of our chipboards ensures the interlocking pieces will come together flawlessly multiple times. As one of the only puzzle manufacturers to own patented puzzle dies, our products are always original. Whether it's our 400 piece Family Puzzles, or one of our stunning landscapes, no two puzzles, or pieces, are alike. Producing only 25 new puzzles a year is one of the ways we guarantee that our new puzzles do not fall short of the exacting Springbok standards. Materials: Recycled Chip Board & Organic Soy Based Ink Lithography. 400 Piece Jigsaw Puzzle - Featuring a finished size of 26.75 inches by 20.5 inches with a precision cut that ensures a tight, interlocking heirloom-quality puzzle Made in USA - Manufactured in Kansas City, Missouri; Springbok Puzzles have been American made since 1963 Nature-Friendly - Springbok Puzzles are manufactured with sustainably sourced organic, non-toxic soy-based inks & utilizes 100% recycled puzzle board materials Unique Cut Pieces - Each puzzle piece is unique and never repeated; Springbok Puzzle pieces are made from thick cut 75 point board, 18% thicker than the industry average Easy No Hassle Puzzle Warranty - All Springbok Puzzle products are covered with our satisfaction guarantee on materials and craftsmanship | 1.61 pounds (View shipping rates and policies)",1.61 pounds,,https://images-na.ssl-images-amazon.com/images/I/518B%2BLjZbOL.jpg|https://images-na.ssl-images-amazon.com/images/I/514kzTP1M%2BL.jpg|https://images-na.ssl-images-amazon.com/images/I/51kGTNu1CmL.jpg|https://images-na.ssl-images-amazon.com/images/I/51UDOwMmdOL.jpg|https://images-na.ssl-images-amazon.com/images/I/51CdU8KL%2BxL.jpg|https://images-na.ssl-images-amazon.com/images/I/51TlzvJ4HHL.jpg|https://images-na.ssl-images-amazon.com/images/I/61dQuCGTN1L.jpg|https://images-na.ssl-images-amazon.com/images/G/01/x-locale/common/transparent-pixel.jpg,https://www.amazon.com/Springbok-Puzzles-Christmas-Wishes-Interlocking/dp/B07WCQWLYS|https://www.amazon.com/Springbok-Puzzles-Christmas-Wishes-Interlocking/dp/B071GRMV63
5bb4a9aa52085ada20006d166b1e2f87,Franklin Sports Eye Black Stickers for Kids - Customizable Lettering Baseball and Football Eye Black Stickers - White Pencil Included,,,Sports & Outdoors | Sports & Fitness | Team Sports,,,$6.91,,11392S11,"Make sure this fits by entering your model number. | EASY USE: Just peel and stick these eyeblack stickers under the eyes to use; This non toxic material is safe to use and will stay on as long as you need; No mistakes, no mess | FULLY CUSTOMIZABLE: Write anything you want on these eyeblack stickers to personalize them exactly to your liking | WHITE PENCIL INCLUDED: The special white pencil to write on your stickers is included in the set so you'll have everything you need | REDUCE GLARE: The eye black stickers will help reduce glare from the sun and bright lights so you can keep your eye on the ball | PERFECT FOR ALL AGES: These stickers are a great way for players young and old to reduce glare and add some style to their look","Product Dimensions:         0.4 x 4.2 x 6.2 inches    |Shipping Weight: 0.8 ounces (View shipping rates and policies)|Domestic Shipping: Currently, item can be shipped only within the U.S. and to APO/FPO addresses. For APO/FPO shipments, please check with the manufacturer regarding warranty and support issues.|International Shipping: This item can be shipped to select countries outside of the U.S.  Learn More|ASIN: B009Z2WXA4|Item model number: 11392S11|    #810    in Team Sports",Go to your orders and start the return Select the ship method Ship it! | Go to your orders and start the return Select the ship method Ship it! | Franklin Sports Eye Black Stickers are non-toxic and reduce the glare from the sun and the lights at night. These Eye Black Stickers include a special pencil to help customize your look. Made from non-toxic material.,0.8 ounces,0.4 x 4.2 x 6.2 inches,https://images-na.ssl-images-amazon.com/images/I/51CiVVrsClL.jpg|https://images-na.ssl-images-amazon.com/images/I/41qxTDiJDaL.jpg|https://images-na.ssl-images-amazon.com/images/I/51-DoCmbB1L.jpg|https://images-na.ssl-images-amazon.com/images/G/01/x-locale/common/transparent-pixel.jpg,https://www.amazon.com/Franklin-Sports-Eye-Black-Stickers/dp/B009Z2WXA4|https://www.amazon.com/Franklin-Sports-Eye-Black-Stickers/dp/B07FCM4RXY
2339c5be505bf647ebff669697c6bc25,Costume Sunglasses Clown from IT Sun-Staches Party Favors UV400,,,Toys & Games | Dress Up & Pretend Play | Costumes,,,$5.99,,SG3301,"Make sure this fits by entering your model number. | All Sun-Staches Sunglasses provide 100% UV400 protection and impact resistant lenses because we care! | Instant party starter and very comfortable to wear | Great for kids and adults, one size fits most | As seen on the popular show, Shark Tank | Officially licensed product",ProductDimensions:12x1x7inches|ItemWeight:3.2ounces|ShippingWeight:3.36ounces(Viewshippingratesandpolicies)|ASIN:B07GG8DFWD|Itemmodelnumber:SG3301|Manufacturerrecommendedage:3months-8years,"Color:Orange/Red Scare everyone in town with these IT Clown Sun-Staches! Sun-Staches provide 100% UV 400 protection and ultimate party fun. These one-size-fits-most sunglasses transform you into the star of the show; whether it’s a themed party, pop culture costume, or your favorite character. As seen on Shark Tank, these sunglasses are comfortable and perfect for adults and children of all ages! Sun-Staches can instantly transform anyone into the life of the party or the most interesting person at the supermarket. For the adults, it's the perfect way to bring out your inner kid-at-heart personality. For kids, it's a way to show off a favorite character or just have fun! Would you rather play a game of ultimate Frisbee with some boring guy without glasses or your neighbor who just happens to be wearing a leprechaun mask and having the time of their life? Our thoughts exactly. | 3.36 ounces (View shipping rates and policies)",3.36 ounces,,https://images-na.ssl-images-amazon.com/images/I/41UH2QoXb2L.jpg|https://images-na.ssl-images-amazon.com/images/I/41uc1vqLzYL.jpg|https://images-na.ssl-images-amazon.com/images/I/41LEOE0f8ZL.jpg|https://images-na.ssl-images-amazon.com/images/I/51EolpdzngL.jpg|https://images-na.ssl-images-amazon.com/images/G/01/x-locale/common/transparent-pixel.jpg,https://www.amazon.com/Costume-Sunglasses-Clown-Sun-Staches-Favors/dp/B07HB99CKB|https://www.amazon.com/Costume-Sunglasses-Clown-Sun-Staches-Favors/dp/B07GG8DFWD|https://www.amazon.com/Costume-Sunglasses-Clown-Sun-Staches-Favors/dp/B07GG66QWL|https://www.amazon.com/Costume-Sunglasses-Clown-Sun-Staches-Favors/dp/B07GG64PKT
93c659c89f9a1a81374c61c3fdf881bb,"Jay Franco Disney Frozen 2 Forest Spirit Twin/Full Comforter & Sham Set, Mutli",,,Home & Kitchen | Bedding | Kids' Bedding | Comforters & Sets | Comforter Sets,,,$36.37,,JF40350EPCD,"Make sure this fits by entering your model number. | 100% Polyester | PERFECT FIT & FUN DESIGN - Reversible twin/full sized comforter measures 72 inch x 86 inches and sham measures 24 inch x 20 inches. Add a touch of decorative enchantment to your room with our fashionable and super soft Disney Frozen 2 comforter. Colorful and magical design features your child’s favorite Disney sisters, Elsa and Anna. | HIGH QUALITY & EASY CARE - Keep your little one as cozy as can be! Frozen 2 comforter is super soft and great for all seasons. 100% brushed microfiber polyester allows for a comfortable night's sleep. Fade resistant and machine washable. To clean, machine wash cold. To dry, air/tumble dry on low. | GREAT GIFT – This Disney Frozen 2 comforter will make any child smile and will transform any bedroom, guest room, kids room, RV, or vacation home. Great gift for school or home. It rolls up for easy storage and travel. This only the comforter, sheet set is sold separately. | SHOP THE FROZEN 2 COLLECTION - Complete your bedroom with our other Disney Frozen 2 products - Coordinating bedding and accessories available (sold separately). | OUR FAMILY COMPANY - Our company is still small and family run. We take great pride in our products and our unsurpassed customer service. We know that our wonderful customers are the reason we are in business! We offer excellent quality, non-toxic products. With our coordinating Frozen 2 accessories, you can mix and match our high-quality and unique boy’s comforter sets, girl’s comforter sets, kids sheet sets, or kids pillows.","PackageDimensions:16.9x11.5x6.7inches|ItemWeight:4.23pounds|ShippingWeight:4.23pounds(Viewshippingratesandpolicies)|Manufacturer:JayFrancoandSons,Inc.|ASIN:B07V5JT7XP|Itemmodelnumber:JF40350EPCD","show up to 2 reviews by default Let it go! Go on a magical adventure this Disney Frozen 2 Forest Spirit twin/full comforter and sham set. Sure to keep you warm, this reversible comforter is stuffed with polyester fill for loft and cozy comfort. Quilt stitching holds fill in place and adds decorative flair. Durable polyester fill is soft, comfy and warm and holds its shape after multiple washings. Reversible design allows you to instantly change the look by simply flipping the comforter over. Twin/full comforter features your child's favorite Disney sisters, Elsa and Anna. Twin/full comforter measures 72"" x 86"" inches and sham measures 24"" x 30"" inches. This is just the comforter and sham only, additional bedding coordinates and sold separately. Easy care, machine washable. | 4.23 pounds (View shipping rates and policies)",4.23 pounds,,https://images-na.ssl-images-amazon.com/images/I/41uqfIm8fZL.jpg|https://images-na.ssl-images-amazon.com/images/I/41M%2ByCtzg1L.jpg|https://images-na.ssl-images-amazon.com/images/I/41CMvKDE-xL.jpg|https://images-na.ssl-images-amazon.com/images/I/51DpcukS7pL.jpg|https://images-na.ssl-images-amazon.com/images/G/01/x-locale/common/transparent-pixel.jpg,
25a1fcc6db40f86566c5f2d902407b15,TAMASHII NATIONS Bandai S.H. Figuarts Captain America & Tamashii Effect Explosion Avengers: Infinity War Action Figure,,,Toys & Games | Toy Figures & Playsets | Action Figures,,,$60.87,,BAN27626,"Make sure this fits by entering your model number. | Battle damage detailing to his costume have been carefully replicated and a digitally colored head is included. | Product size: approx. 6.1"" | Package size: approx. 11.2x7. 5x5. 1 in",ProductDimensions:2x2x6inches|ItemWeight:1.45pounds|ShippingWeight:1.45pounds(Viewshippingratesandpolicies)|DomesticShipping:ItemcanbeshippedwithinU.S.|InternationalShipping:ThisitemcanbeshippedtoselectcountriesoutsideoftheU.S.LearnMore|ASIN:B07BK72H55|Itemmodelnumber:BAN27626|Manufacturerrecommendedage:13yearsandup,"show up to 2 reviews by default Donning a completely new sculpt, the Captain America (Avengers: infinity war Ver.) is joining the s.H.Figuarts series! battle damage detailing to his costume have been carefully replicated and a digitally colored head is included. Set includes interchangeable hand parts (2 left & 2 right), a new accessory, and explosion effects. | 1.45 pounds (View shipping rates and policies)",1.45 pounds,,https://images-na.ssl-images-amazon.com/images/I/41pkph02FPL.jpg|https://images-na.ssl-images-amazon.com/images/I/51QDRpf6OzL.jpg|https://images-na.ssl-images-amazon.com/images/I/51UiFERSc4L.jpg|https://images-na.ssl-images-amazon.com/images/I/51nO%2BfhbOaL.jpg|https://images-na.ssl-images-amazon.com/images/I/41grtb6UbSL.jpg|https://images-na.ssl-images-amazon.com/images/I/510%2B8amlrnL.jpg|https://images-na.ssl-images-amazon.com/images/I/51NG1Fb-vOL.jpg|https://images-na.ssl-images-amazon.com/images/G/01/x-locale/common/transparent-pixel.jpg,
171c7524e8cf032d08d1315f3a538345,"Forum Novelties Union Officer Child's Costume, Medium",,,"Clothing, Shoes & Jewelry | Costumes & Accessories | Kids & Baby | Boys | Costumes",,,$21.07,,69924,"Make sure this fits by entering your model number. | Union Officer child costume contains shirt coast with gold tone buttons and pants with decorative trim | READ BEFORE BUYING: Costumes are not the same sizing as clothing, read size chart, Q & A, and reviews to know the best size for your child | Medium fits children 46 to 53 Inch tall, up to 62 pounds | Hat and gun sold separately | Forum Novelties makes costumes and accessories for dress-up, stage performances, costume parties, Halloween and more","ProductDimensions:13x10x2inches|ItemWeight:8ounces|ShippingWeight:12.8ounces(Viewshippingratesandpolicies)|DomesticShipping:Currently,itemcanbeshippedonlywithintheU.S.andtoAPO/FPOaddresses.ForAPO/FPOshipments,pleasecheckwiththemanufacturerregardingwarrantyandsupportissues.|InternationalShipping:ThisitemcanbeshippedtoselectcountriesoutsideoftheU.S.LearnMore|ASIN:B00GD3F3QE|Itemmodelnumber:69924|Manufacturerrecommendedage:5-7years","Go to your orders and start the return Select the ship method Ship it! | Go to your orders and start the return Select the ship method Ship it! | Size:Medium  |  Color:One Color  |  Product Packaging:Standard Packaging show up to 2 reviews by default Relive one of the most important battles in American history in this Union Officer child costume! For more than 30 years, Forum Novelties has been a leader in the costume industry, as well as the joke, trick, magic and novelty gift item business. Forum offers over 8,000 items to choose from, ranging from baby costumes, to adult and plus-size costumes, to pet costumes. Look to Forum Novelties for all of your Halloween, luau, Christmas, Mardi Gras and St. Patrick's day supplies. From funny to frightening, Forum has it all! | 12.8 ounces (View shipping rates and policies)",12.8 ounces,,https://images-na.ssl-images-amazon.com/images/I/314rdsW5WLL.jpg|https://images-na.ssl-images-amazon.com/images/I/413N%2BekN88L.jpg|https://images-na.ssl-images-amazon.com/images/I/51fUN4SzEkL.jpg|https://images-na.ssl-images-amazon.com/images/G/01/x-locale/common/transparent-pixel.jpg,https://www.amazon.com/Forum-Novelties-Officer-Childs-Costume/dp/B00BFW9C4W|https://www.amazon.com/Forum-Novelties-Officer-Childs-Costume/dp/B00GD3F3QE|https://www.amazon.com/Forum-Novelties-Officer-Childs-Costume/dp/B00BFWABGA
0b6ee0084290e441d87cd5db35cdabb3,"Weiler 14506 Nylox Cup Brush, 6"", 0.40/80SC Crimped Fill, 5/8""-11 UNC Nut",,,Toys & Games | Play Vehicles,,,$73.58,,14506,,Product Dimensions:         2.3 x 6.8 x 7 inches    |Shipping Weight: 2 pounds (View shipping rates and policies)|ASIN: B01024488I|Item model number: 14506|    #28864    in Play Vehicles,show up to 2 reviews by default Weiler features an assortment of Nylox tools featuring traditional cup brush construction for deburring and finishing use in lighter duty applications. These brushing tools can be used on dedicated machines in automated processes or on low speed/high torque handheld tools for manual applications.,2 pounds,2.3 x 6.8 x 7 inches,https://images-na.ssl-images-amazon.com/images/I/41l73fvCvTL.jpg,
4449b3fa30a6becd3ede26511c8b2180,Disney Mickey Golf Ball Spinner Pewter Key Ring Key Accessory,,,Toys & Games | Novelty & Gag Toys,,,$8.44,,85441,Make sure this fits by entering your model number. | Makes a great gift | Interesting spinning component | A Disney and golf fan dream,ProductDimensions:2x0.8x3.5inches|ItemWeight:1.12ounces|ShippingWeight:1.12ounces(Viewshippingratesandpolicies)|DomesticShipping:ItemcanbeshippedwithinU.S.|InternationalShipping:ThisitemcanbeshippedtoselectcountriesoutsideoftheU.S.LearnMore|ASIN:B074JR44HN|Itemmodelnumber:85441|Manufacturerrecommendedage:4yearsandup,Go to your orders and start the return Select the ship method Ship it! | Go to your orders and start the return Select the ship method Ship it! | show up to 2 reviews by default A shiny Pewter key ring with a 3D element of a rotating golf ball made of a PVC material. This makes a great accessory for your sports bag. | 1.12 ounces (View shipping rates and policies),1.12 ounces,,https://images-na.ssl-images-amazon.com/images/I/31iK4bdZltL.jpg|https://images-na.ssl-images-amazon.com/images/I/41qmYRIHDhL.jpg|https://images-na.ssl-images-amazon.com/images/G/01/x-locale/common/transparent-pixel.jpg,
4832387affc268b3c9d6cca70dbdbcb4,"Anagram International 3085101 Go Team Megaphone Shop Balloon Pack, 29""",,,Toys & Games | Party Supplies,,,$6.45,,3085101,Make sure this fits by entering your model number. | Top quality foil will float for one week with helium | Self-sealing valve seals itself during inflation | Highly durable | This product is easy to use and highly durable | Manufactured in USA,"ProductDimensions:29x0x24inches|ItemWeight:1.44ounces|ShippingWeight:1.6ounces(Viewshippingratesandpolicies)|Manufacturer:AnagramInternational|ASIN:B00XH4Z6SC|Itemmodelnumber:3085101|DatefirstlistedonAmazon:May11,2015",Go to your orders and start the return Select the ship method Ship it! | Go to your orders and start the return Select the ship method Ship it! | show up to 2 reviews by default Cheer on any team with this megaphone! Add solid round or star foils or printed latex balloons for an extra special bouquet. Top quality foil will float for one week with helium. Self-sealing valve seals itself during inflation. | 1.6 ounces (View shipping rates and policies),1.6 ounces,,https://images-na.ssl-images-amazon.com/images/I/51DcBG52cRL.jpg|https://images-na.ssl-images-amazon.com/images/I/31WA1JiOhML.jpg|https://images-na.ssl-images-amazon.com/images/G/01/x-locale/common/transparent-pixel.jpg,
487a3cc651bddbccb4738ef1e5aa40d0,"Happy Birthday Jointed Letter Banner, Under Construction",,,Toys & Games | Party Supplies | Banners,,,$3.12,,295955,"Make sure this fits by entering your model number. | Diecut block letters strung together relay your birthday message to all who read it | Includes one 8' long x 7"" tall banner | Trim any doorway, wall or banquet table | Create a fantastic themed party from beginning to end | Shop Creative Converting's extensive line of coordinating Under Construction themed party supplies, dinnerware and decorations",ProductDimensions:96x7x0.1inches|ItemWeight:4.8ounces|ShippingWeight:4.8ounces(Viewshippingratesandpolicies)|Department:PARTYSUPPLIES|Manufacturer:CreativeConverting|ASIN:B001GQHUIW|DomesticShipping:ItemcanbeshippedwithinU.S.|InternationalShipping:ThisitemcanbeshippedtoselectcountriesoutsideoftheU.S.LearnMore|Itemmodelnumber:295955,"Go to your orders and start the return Select the ship method Ship it! | Go to your orders and start the return Select the ship method Ship it! | Package Quantity:1 From the Manufacturer Construct the best birthday ever with our new Under Construction collection. With a big excavator, giant dumptruck and fantastic front loader, this collection featuring big building equipment and machinery will bring out the best in your party crew! This ensemble has matching dinner and dessert plates, lunch and beverage napkins, cups, invitations, thank you notes and plastic table covers. Guests will ""dig"" it when you add to your party decor with coordinating favor bags, centerpieces, decorative banners, paper tissue fans, garlands, hanging decorations, cupcake wrappers and toothpicks, paper lanterns and party decorations from Creative Converting. Committed to service, quality, design and innovation, Creative Converting can more than accommodate all your party and event needs! | 4.8 ounces (View shipping rates and policies)",4.8 ounces,,https://images-na.ssl-images-amazon.com/images/I/31kDRZp3aYL.jpg|https://images-na.ssl-images-amazon.com/images/G/01/x-locale/common/transparent-pixel.jpg,https://www.amazon.com/Birthday-Jointed-Letter-Banner-Construction/dp/B001GQHUIW|https://www.amazon.com/Birthday-Jointed-Letter-Banner-Construction/dp/B06XGJ7ZPT
